<databaseChangeLog
        xmlns="http://www.liquibase.org/xml/ns/dbchangelog"
        xmlns:xsi="http://www.w3.org/2001/XMLSchema-instance"
        xsi:schemaLocation="http://www.liquibase.org/xml/ns/dbchangelog
   http://www.liquibase.org/xml/ns/dbchangelog/dbchangelog-3.4.xsd">

<changeSet author="WebGoat" id="init_schema">
        <createTable tableName="web_goat_user">
            <column name="username" type="varchar(32)">
                <constraints unique="true"/>
            </column>
            <column name="password" type="varchar(32)"/>
            <column name="role" type="varchar(32)"/>
        </createTable>
        <addPrimaryKey columnNames="username" constraintName="pk_user" tableName="web_goat_user"/>
    </changeSet>
</databaseChangeLog>
